learner_id,diagnostic_score,prior_ai_experience,scenario_performance,practice_completion_pct,confidence_1_to_5,completed_advanced_pathway
L0001,66.6,0,42.3,71.0,2,0
L0002,46.4,1,58.5,40.5,4,0
L0003,73.3,0,78.8,71.8,3,0
L0004,76.1,0,66.3,27.1,2,1
L0005,32.7,2,19.5,47.6,4,1
L0006,42.5,1,56.8,31.4,2,0
L0007,63.9,1,40.2,83.1,4,1
L0008,57.3,0,60.2,23.4,3,0
L0009,61.7,1,48.3,67.3,4,1
L0010,49.2,0,38.1,58.4,3,1
L0011,75.2,1,61.1,49.7,4,1
L0012,73.7,0,63.3,84.5,3,1
L0013,63.0,3,51.9,71.3,4,1
L0014,78.9,3,75.5,92.1,3,1
L0015,69.0,0,57.6,72.3,2,1
L0016,49.1,0,63.8,63.3,4,0
L0017,67.5,0,65.5,70.2,3,0
L0018,47.6,1,42.8,78.3,4,0
L0019,75.2,0,56.0,56.5,4,1
L0020,61.3,2,38.9,66.6,2,1
L0021,59.2,2,61.1,92.9,2,1
L0022,51.8,2,49.2,65.1,4,0
L0023,80.3,1,40.7,71.6,3,0
L0024,59.7,3,51.4,72.0,4,1
L0025,55.6,0,44.8,85.9,3,1
L0026,56.7,1,75.1,18.6,4,1
L0027,70.0,1,43.1,96.2,3,1
L0028,67.5,3,44.8,88.0,3,1
L0029,68.2,1,75.8,55.3,3,1
L0030,68.5,2,78.9,49.9,3,0
L0031,94.1,0,67.8,69.1,4,1
L0032,55.9,3,48.2,75.8,3,1
L0033,54.3,1,62.3,45.2,4,1
L0034,49.8,1,24.5,72.7,3,0
L0035,71.2,3,41.8,78.9,3,1
L0036,78.9,1,65.0,66.7,5,1
L0037,60.3,1,76.8,21.8,4,1
L0038,49.4,1,46.9,77.4,3,1
L0039,49.6,0,53.5,88.0,3,1
L0040,71.8,1,78.1,13.0,2,0
L0041,73.1,0,90.5,59.5,3,1
L0042,70.1,0,56.7,68.5,3,1
L0043,52.0,2,53.4,69.5,4,1
L0044,65.5,1,82.9,79.5,4,1
L0045,63.8,1,41.8,73.0,2,1
L0046,65.3,1,73.2,64.4,4,1
L0047,75.1,1,54.1,56.0,3,0
L0048,65.4,2,62.2,89.2,2,1
L0049,72.2,3,61.8,61.6,4,1
L0050,63.0,3,48.2,62.6,4,1
L0051,66.3,1,49.7,88.0,3,0
L0052,71.5,1,67.6,53.5,4,1
L0053,40.1,1,59.0,55.4,4,1
L0054,57.2,1,54.9,53.6,4,1
L0055,54.9,1,56.1,23.8,4,1
L0056,52.4,2,60.7,77.5,2,1
L0057,57.9,1,45.2,73.2,5,1
L0058,84.4,1,80.3,43.5,4,1
L0059,49.0,1,61.8,78.6,3,1
L0060,76.5,1,98.3,50.3,2,0
L0061,36.8,0,40.7,85.5,4,1
L0062,57.0,0,50.8,43.8,3,0
L0063,64.4,2,69.7,79.1,3,1
L0064,70.8,1,73.8,43.6,4,1
L0065,72.7,0,58.5,71.2,3,1
L0066,73.9,1,60.8,68.6,2,1
L0067,56.8,2,62.7,47.8,3,1
L0068,55.1,0,45.4,61.1,3,0
L0069,74.9,2,61.3,76.3,3,0
L0070,59.1,3,58.6,68.2,2,0
L0071,42.9,1,60.5,76.9,3,0
L0072,45.0,2,42.5,59.0,4,0
L0073,48.2,0,29.4,67.5,4,1
L0074,69.5,3,40.2,64.9,2,1
L0075,64.1,1,45.2,76.1,2,1
L0076,72.4,3,49.0,85.1,3,1
L0077,55.6,1,53.7,48.5,4,0
L0078,64.4,0,46.1,78.6,3,1
L0079,71.4,0,55.8,94.3,3,0
L0080,57.4,2,47.3,17.2,3,1
L0081,68.9,1,57.6,55.0,4,0
L0082,52.1,0,69.5,53.4,3,1
L0083,56.6,2,64.0,53.6,2,0
L0084,56.3,2,56.1,93.0,3,1
L0085,44.1,1,43.7,45.8,5,0
L0086,69.3,1,57.9,76.1,2,0
L0087,55.0,0,59.2,51.3,3,0
L0088,62.2,2,66.2,61.7,3,1
L0089,69.2,1,52.2,62.3,3,0
L0090,68.7,2,63.2,79.9,3,1
L0091,72.0,1,40.2,67.6,4,0
L0092,60.5,1,60.8,71.0,3,1
L0093,55.7,0,64.8,73.7,4,0
L0094,60.8,0,55.1,82.5,3,1
L0095,36.7,2,67.0,88.1,3,1
L0096,40.3,1,36.6,81.4,2,1
L0097,42.2,1,50.8,60.4,1,0
L0098,47.0,3,50.4,77.6,3,1
L0099,68.0,3,61.2,79.6,5,1
L0100,48.4,2,50.3,75.8,4,1
L0101,56.3,0,57.3,54.8,4,0
L0102,81.5,1,80.0,86.1,3,1
L0103,56.7,2,72.7,67.1,3,0
L0104,73.1,1,65.2,84.7,4,1
L0105,48.0,0,61.2,51.2,5,1
L0106,58.9,2,49.0,73.1,4,1
L0107,47.7,1,60.5,85.2,4,1
L0108,56.9,1,47.2,89.9,3,1
L0109,74.6,3,79.1,69.6,3,0
L0110,36.1,1,71.4,86.3,2,0
L0111,68.5,1,61.2,84.6,2,1
L0112,65.6,1,34.8,91.3,2,0
L0113,53.1,1,47.6,70.3,3,1
L0114,40.3,0,62.0,59.1,3,0
L0115,63.1,2,66.3,51.9,2,0
L0116,54.1,2,57.7,64.0,3,1
L0117,65.5,1,73.1,68.7,3,1
L0118,62.3,1,65.1,81.3,2,0
L0119,86.0,2,86.9,83.2,3,1
L0120,58.4,0,68.2,71.4,3,1
L0121,46.6,1,68.9,86.2,3,1
L0122,64.7,1,64.9,33.0,4,0
L0123,65.3,2,71.8,77.9,1,1
L0124,82.4,0,66.6,88.0,1,0
L0125,74.5,2,58.8,30.2,3,1
L0126,67.4,1,82.5,49.0,3,0
L0127,83.9,1,73.8,67.8,3,1
L0128,44.2,0,59.0,85.1,3,1
L0129,52.4,1,55.3,97.2,2,1
L0130,48.1,1,44.4,74.4,3,1
L0131,56.2,0,56.0,75.7,3,1
L0132,41.3,0,65.0,87.3,4,0
L0133,71.5,0,71.0,79.0,3,1
L0134,58.7,1,36.7,61.3,3,0
L0135,39.9,0,44.4,49.4,5,1
L0136,46.8,3,72.1,87.2,3,1
L0137,66.7,1,59.1,91.2,4,1
L0138,74.6,2,44.4,70.7,4,1
L0139,92.0,3,98.3,92.5,4,1
L0140,100.0,0,88.2,97.0,3,1
L0141,68.2,2,61.7,90.0,3,1
L0142,47.2,2,46.5,39.9,3,0
L0143,30.0,2,54.5,90.7,3,1
L0144,66.0,1,54.8,44.1,3,1
L0145,49.8,1,66.2,45.8,5,1
L0146,55.8,0,62.2,85.0,4,1
L0147,52.8,1,57.0,56.4,3,0
L0148,59.9,3,59.7,57.1,4,1
L0149,78.0,3,65.8,82.3,2,1
L0150,64.4,0,72.9,32.7,3,0
L0151,59.6,2,47.4,89.0,4,1
L0152,46.5,1,31.1,87.7,4,0
L0153,36.9,3,52.7,95.7,2,1
L0154,54.7,0,62.7,87.4,3,0
L0155,61.2,3,64.4,81.7,5,1
L0156,88.5,2,78.6,74.0,3,0
L0157,64.0,0,56.3,50.0,5,1
L0158,76.7,0,76.7,62.8,3,1
L0159,54.5,2,54.4,93.9,3,1
L0160,44.2,0,43.5,82.6,3,1
L0161,47.5,1,47.4,90.0,4,0
L0162,51.1,3,77.4,77.1,4,1
L0163,93.9,1,55.8,67.3,2,1
L0164,49.7,1,58.3,74.7,3,1
L0165,74.6,1,45.9,67.7,4,1
L0166,48.5,0,50.4,65.8,3,1
L0167,76.0,3,61.6,84.8,3,1
L0168,67.8,1,37.3,21.7,4,0
L0169,59.7,0,62.5,79.0,4,0
L0170,61.4,1,54.2,75.2,3,0
L0171,52.2,3,28.5,92.6,3,0
L0172,68.7,0,72.9,66.8,2,1
L0173,55.2,2,72.6,81.3,2,1
L0174,43.6,2,66.9,70.8,3,1
L0175,42.8,2,52.9,76.5,3,1
L0176,64.6,3,61.1,74.7,2,1
L0177,85.7,2,88.1,56.0,2,1
L0178,64.4,3,80.6,39.4,2,1
L0179,60.2,0,71.7,76.3,4,1
L0180,66.3,2,50.2,64.5,1,1
L0181,81.6,1,72.3,67.2,2,1
L0182,65.3,1,66.2,69.7,1,1
L0183,55.8,3,34.0,87.4,3,1
L0184,78.6,3,73.9,86.5,1,1
L0185,68.4,2,89.9,38.7,3,1
L0186,85.0,1,79.4,47.7,5,1
L0187,64.7,1,78.3,74.6,5,1
L0188,43.6,1,51.2,69.9,1,0
L0189,41.5,1,46.9,38.6,3,0
L0190,86.8,1,77.3,78.0,2,1
L0191,87.9,0,63.5,76.0,2,0
L0192,59.3,0,46.1,85.3,3,1
L0193,56.3,2,71.1,82.8,4,1
L0194,83.9,1,87.6,78.0,4,1
L0195,45.4,3,38.1,27.3,2,0
L0196,48.6,1,63.3,90.5,4,1
L0197,71.6,0,63.4,38.1,1,0
L0198,56.1,0,59.9,56.5,2,1
L0199,61.9,0,64.6,78.9,2,1
L0200,59.5,3,69.7,79.8,3,1
L0201,67.1,0,62.9,41.3,3,1
L0202,83.1,1,87.6,77.5,3,1
L0203,63.4,3,63.6,85.0,3,1
L0204,71.7,3,71.9,79.4,3,1
L0205,31.2,0,32.2,76.7,4,0
L0206,61.3,0,84.6,45.5,3,1
L0207,49.4,0,57.8,78.3,3,0
L0208,43.7,0,57.6,75.1,3,0
L0209,48.8,0,32.6,93.8,4,0
L0210,57.0,1,46.5,52.1,3,1
L0211,75.7,3,81.5,67.5,3,1
L0212,42.1,1,51.6,71.4,4,0
L0213,62.5,2,36.4,65.2,2,0
L0214,54.7,0,67.6,93.6,5,1
L0215,57.1,2,49.9,76.5,2,0
L0216,77.0,1,84.3,68.9,3,1
L0217,70.1,2,62.5,58.8,2,1
L0218,82.1,3,72.6,88.9,5,0
L0219,59.7,1,72.0,71.9,3,0
L0220,51.6,0,42.6,51.4,3,1
L0221,58.6,0,45.3,79.1,3,0
L0222,65.6,1,58.7,43.8,3,1
L0223,64.6,3,70.5,81.4,3,1
L0224,45.7,1,34.2,73.5,3,0
L0225,63.4,2,39.8,81.0,1,1
L0226,65.4,1,70.9,60.9,3,1
L0227,99.8,0,72.6,75.8,3,1
L0228,90.2,1,69.9,91.7,4,1
L0229,49.2,2,29.8,44.4,4,0
L0230,57.7,2,48.6,53.5,3,0
L0231,40.0,1,46.9,44.4,4,0
L0232,53.1,0,65.4,79.3,2,0
L0233,66.7,2,52.4,79.8,4,1
L0234,80.1,0,88.9,30.0,3,1
L0235,51.1,3,44.9,70.9,2,1
L0236,52.2,0,45.5,48.8,3,1
L0237,29.8,0,59.8,77.5,4,0
L0238,59.6,1,60.3,40.4,3,1
L0239,46.1,1,43.7,61.0,4,0
L0240,54.1,1,52.9,85.7,2,1
L0241,48.8,1,68.1,74.0,4,1
L0242,60.6,3,75.9,54.3,3,1
L0243,35.6,1,34.8,32.5,3,1
L0244,40.0,1,46.5,60.2,3,1
L0245,93.9,1,77.7,70.5,4,1
L0246,42.7,0,36.6,99.7,3,1
L0247,45.5,1,49.4,87.0,2,1
L0248,89.6,0,74.3,62.3,4,1
L0249,100.0,2,93.7,88.9,5,1
L0250,44.4,0,63.9,69.3,3,0
L0251,56.5,3,52.1,75.1,1,0
L0252,67.1,1,59.4,94.2,4,1
L0253,87.9,3,81.3,42.2,3,1
L0254,47.2,1,43.9,59.0,3,0
L0255,58.3,0,64.1,72.4,4,0
L0256,73.7,2,64.5,83.3,3,1
L0257,68.5,2,51.1,71.6,3,0
L0258,56.4,2,44.5,85.2,3,1
L0259,60.0,1,75.4,90.4,4,1
L0260,41.4,2,45.9,92.0,3,1
L0261,58.4,2,76.8,75.3,2,1
L0262,58.0,2,50.7,71.4,2,0
L0263,65.5,1,64.5,89.1,3,1
L0264,53.7,2,83.2,71.5,2,1
L0265,69.1,2,50.3,73.7,2,1
L0266,77.2,3,44.7,72.5,4,1
L0267,64.3,1,75.8,81.9,4,0
L0268,67.3,1,52.1,63.4,3,0
L0269,62.8,2,59.3,83.7,3,0
L0270,62.0,1,52.1,66.6,3,0
L0271,51.2,2,56.4,63.2,4,0
L0272,66.7,1,50.3,44.6,4,1
L0273,60.5,0,56.1,86.5,1,1
L0274,93.4,2,81.8,58.2,3,1
L0275,85.6,0,60.0,65.6,4,1
L0276,67.8,0,53.9,31.2,3,0
L0277,50.6,2,48.6,73.0,3,0
L0278,45.3,2,32.8,54.6,4,1
L0279,79.9,3,63.9,75.4,3,1
L0280,65.9,0,62.7,55.4,4,1
L0281,69.2,0,58.3,67.8,4,0
L0282,35.8,3,41.5,29.7,3,0
L0283,75.9,0,66.5,84.6,3,1
L0284,68.8,0,55.0,56.2,1,1
L0285,45.3,1,58.2,46.5,3,1
L0286,54.9,1,72.4,99.0,2,0
L0287,66.0,3,55.7,64.0,3,0
L0288,62.8,2,65.4,59.2,3,1
L0289,57.6,2,53.8,34.0,4,1
L0290,60.4,0,62.6,77.8,4,1
L0291,58.2,1,75.8,80.3,3,0
L0292,64.3,1,66.5,70.7,5,0
L0293,84.1,0,50.0,89.2,3,1
L0294,23.5,0,43.4,69.9,2,0
L0295,58.4,1,71.9,81.3,3,1
L0296,64.6,0,57.9,52.2,3,0
L0297,66.4,1,73.5,53.2,4,0
L0298,56.4,2,47.8,84.4,2,1
L0299,35.6,0,26.8,43.2,3,0
L0300,66.9,1,63.5,64.6,3,0
L0301,87.9,2,52.3,49.8,3,1
L0302,39.0,2,43.6,75.7,4,1
L0303,75.0,2,81.7,45.8,4,1
L0304,57.1,1,33.5,76.0,4,1
L0305,61.1,2,43.2,42.5,3,0
L0306,46.2,0,38.0,56.4,4,0
L0307,57.0,1,55.6,76.2,2,1
L0308,81.5,0,65.4,89.6,2,1
L0309,70.7,1,80.7,69.8,2,1
L0310,88.0,1,84.8,42.3,3,1
L0311,79.7,0,74.8,81.2,4,0
L0312,68.6,2,64.5,71.8,3,1
L0313,88.2,1,78.2,42.1,3,1
L0314,68.6,0,52.4,73.0,3,0
L0315,74.4,0,76.2,88.1,4,1
L0316,57.6,1,43.3,77.1,3,1
L0317,63.0,1,69.7,47.2,3,0
L0318,51.5,1,67.6,86.5,2,1
L0319,76.8,0,69.8,34.3,3,1
L0320,44.3,2,47.3,89.0,4,0
L0321,73.7,3,70.4,89.0,3,1
L0322,59.1,1,23.2,86.8,2,0
L0323,79.6,2,72.4,25.9,4,1
L0324,73.3,2,63.9,79.9,3,1
L0325,89.3,3,73.5,38.7,4,1
L0326,73.0,1,73.6,81.8,4,1
L0327,38.4,3,45.2,52.9,3,0
L0328,61.0,3,44.9,73.9,2,1
L0329,44.4,2,47.7,88.8,5,0
L0330,54.2,1,55.6,46.6,3,0
L0331,84.7,0,72.9,71.6,3,1
L0332,71.6,0,66.3,76.3,4,1
L0333,51.5,1,65.8,76.5,4,1
L0334,46.8,1,37.7,54.0,4,0
L0335,62.5,1,61.5,37.8,3,0
L0336,43.8,1,64.5,61.4,3,1
L0337,51.9,1,32.7,29.6,2,0
L0338,66.7,2,63.8,73.0,4,1
L0339,79.3,0,61.6,86.9,3,1
L0340,71.1,0,59.7,60.4,3,1
L0341,27.6,2,29.3,76.6,3,1
L0342,66.6,2,59.6,44.7,3,1
L0343,63.1,3,81.8,50.2,2,1
L0344,68.2,2,47.3,49.6,4,1
L0345,86.2,3,58.4,59.7,4,1
L0346,31.1,1,26.5,55.7,3,0
L0347,53.1,1,75.0,68.2,4,1
L0348,70.9,0,58.4,67.9,3,1
L0349,38.3,1,45.7,83.6,3,1
L0350,84.1,3,66.4,52.5,2,0
L0351,67.5,1,50.8,94.4,2,0
L0352,74.7,1,63.3,41.0,2,0
L0353,53.4,1,83.9,88.7,1,1
L0354,74.2,0,82.5,54.1,4,1
L0355,78.0,0,57.7,63.8,3,1
L0356,65.5,0,68.8,77.7,3,0
L0357,65.5,3,51.1,92.9,1,1
L0358,66.1,1,40.0,44.5,1,0
L0359,49.0,2,64.2,48.6,3,0
L0360,59.8,2,71.8,72.8,5,1
L0361,59.7,0,70.4,61.6,2,0
L0362,67.8,0,56.6,58.0,4,1
L0363,77.0,2,65.3,27.2,3,1
L0364,46.1,0,59.4,90.0,3,0
L0365,60.1,3,62.8,80.0,4,1
L0366,84.2,0,66.6,90.1,3,1
L0367,50.8,2,33.5,91.2,2,1
L0368,49.7,2,53.7,61.7,4,1
L0369,65.0,0,73.7,78.4,3,1
L0370,74.7,0,51.7,64.3,4,1
L0371,62.2,3,66.9,74.2,2,1
L0372,81.9,0,74.0,95.3,4,1
L0373,74.9,1,75.2,69.2,3,1
L0374,74.6,1,76.5,69.4,3,0
L0375,70.3,0,55.3,60.0,3,1
L0376,96.9,2,58.9,53.7,3,1
L0377,58.9,2,51.0,88.2,3,1
L0378,31.9,1,53.2,42.5,3,0
L0379,86.1,2,65.8,40.6,4,0
L0380,55.1,0,47.0,89.5,3,1
L0381,63.6,0,38.1,39.6,2,0
L0382,81.6,1,90.9,54.7,2,1
L0383,38.0,3,55.8,69.0,2,0
L0384,43.2,0,58.0,43.3,4,0
L0385,38.0,0,57.5,85.7,2,1
L0386,50.1,1,59.5,75.8,3,1
L0387,68.6,2,59.8,54.0,3,1
L0388,69.9,0,61.5,85.2,3,1
L0389,66.1,1,56.2,77.6,3,1
L0390,40.8,2,79.1,81.5,3,1
L0391,27.3,1,46.7,74.9,1,0
L0392,62.8,0,54.0,21.8,3,0
L0393,54.9,0,60.8,43.5,3,0
L0394,68.9,1,50.8,58.4,5,1
L0395,72.5,1,82.9,72.3,5,1
L0396,64.1,2,52.3,42.9,2,1
L0397,73.4,2,71.4,90.7,3,1
L0398,65.4,2,73.8,68.2,2,1
L0399,70.0,3,68.1,32.6,4,1
L0400,51.4,1,54.4,97.1,4,1
L0401,59.3,1,57.7,61.4,3,1
L0402,65.0,3,60.0,69.2,3,1
L0403,74.3,0,58.9,85.0,4,1
L0404,56.1,2,50.5,65.3,4,0
L0405,69.8,2,81.2,91.1,4,1
L0406,58.0,0,55.6,74.4,4,0
L0407,60.2,1,48.7,57.0,3,0
L0408,74.4,0,59.7,81.5,4,1
L0409,32.1,0,55.9,81.9,4,1
L0410,42.6,1,56.5,39.7,3,1
L0411,39.8,1,53.6,96.2,3,1
L0412,27.0,2,36.8,66.8,4,0
L0413,51.8,3,60.4,70.9,5,1
L0414,73.2,2,57.6,19.0,2,0
L0415,57.7,0,53.6,60.1,3,1
L0416,65.0,0,72.4,78.4,3,1
L0417,78.3,0,78.6,74.7,4,1
L0418,81.9,0,58.3,60.4,3,0
L0419,61.0,3,48.3,41.1,5,1
L0420,82.3,1,71.6,69.4,3,1
L0421,63.4,0,80.6,38.0,4,1
L0422,49.4,2,29.2,87.2,5,1
L0423,53.1,1,57.5,34.3,3,0
L0424,39.8,0,30.4,85.0,3,0
L0425,48.7,0,44.2,58.1,2,0
L0426,56.6,2,51.8,88.6,3,1
L0427,74.1,2,60.7,49.9,2,1
L0428,87.8,0,66.9,40.3,4,1
L0429,41.3,3,47.8,68.5,3,0
L0430,67.9,2,55.9,81.4,3,1
L0431,46.4,2,33.0,85.3,3,1
L0432,69.1,0,72.4,56.9,4,1
L0433,60.0,0,67.1,49.0,2,1
L0434,34.5,2,54.1,46.7,3,1
L0435,75.9,1,48.3,55.9,4,0
L0436,52.9,1,57.7,28.2,1,1
L0437,54.0,2,62.8,60.1,4,1
L0438,46.0,0,37.9,78.8,2,1
L0439,52.2,2,53.8,68.1,3,1
L0440,68.4,3,61.2,68.0,2,0
L0441,59.2,2,79.6,69.1,4,1
L0442,66.9,1,84.9,71.4,2,1
L0443,67.4,2,42.1,43.2,2,1
L0444,81.8,1,99.9,65.4,3,1
L0445,56.9,2,45.3,77.8,3,0
L0446,39.8,2,58.7,64.9,2,0
L0447,78.0,2,79.6,34.7,4,1
L0448,57.0,1,44.4,61.7,1,0
L0449,78.7,0,74.2,81.3,2,1
L0450,67.8,0,61.0,81.5,3,1
L0451,60.0,1,64.7,86.2,4,1
L0452,67.2,1,64.7,55.1,4,0
L0453,91.3,1,89.6,70.3,4,1
L0454,93.2,1,77.1,61.7,3,1
L0455,63.0,2,57.7,64.9,1,0
L0456,64.4,3,73.6,94.8,3,1
L0457,78.1,0,74.9,86.7,4,1
L0458,49.3,2,60.9,92.3,4,1
L0459,67.0,2,53.9,40.4,4,1
L0460,61.6,1,46.3,39.9,2,1
L0461,66.7,0,54.9,78.6,3,1
L0462,49.5,2,44.8,80.0,5,1
L0463,38.2,3,55.4,84.9,2,0
L0464,30.9,2,53.7,94.0,2,0
L0465,45.2,3,48.0,72.9,4,0
L0466,55.1,3,72.5,55.6,3,1
L0467,57.6,1,73.1,56.7,2,0
L0468,91.1,2,78.0,95.0,4,1
L0469,78.6,1,58.4,82.6,4,1
L0470,47.6,3,70.1,90.1,3,0
L0471,67.2,0,61.2,30.4,2,1
L0472,55.9,1,57.3,88.4,5,1
L0473,57.7,2,52.7,41.6,3,1
L0474,64.8,1,50.0,77.1,4,1
L0475,71.3,2,46.6,69.5,4,0
L0476,56.9,1,63.9,41.8,3,0
L0477,78.0,3,58.5,75.2,3,1
L0478,44.9,3,86.4,49.5,4,1
L0479,62.1,1,46.1,60.5,4,0
L0480,100.0,2,64.9,53.1,1,1
L0481,65.3,1,67.1,48.6,4,1
L0482,83.5,1,89.3,81.9,3,1
L0483,63.4,2,60.6,77.8,2,0
L0484,70.7,2,70.8,64.1,3,1
L0485,61.1,0,36.5,54.6,2,0
L0486,59.4,0,49.6,56.4,3,1
L0487,50.3,2,39.8,86.1,2,1
L0488,68.5,1,39.9,59.1,3,0
L0489,49.2,1,53.5,78.3,3,0
L0490,72.0,0,37.7,62.3,2,0
L0491,78.3,1,52.2,46.8,5,1
L0492,67.5,2,55.7,60.4,4,1
L0493,57.7,0,46.8,41.5,5,0
L0494,68.8,1,67.6,61.0,3,1
L0495,57.4,3,60.2,76.9,3,1
L0496,76.0,0,77.5,80.2,5,1
L0497,34.5,2,53.0,77.0,3,0
L0498,57.0,0,70.0,36.9,3,1
L0499,32.1,2,42.7,53.0,4,1
L0500,39.6,2,50.4,28.3,2,0
L0501,82.5,3,76.5,85.0,4,1
L0502,75.4,0,68.2,50.0,4,0
L0503,51.2,1,48.4,72.3,4,1
L0504,39.5,2,42.7,65.4,4,1
L0505,17.5,0,24.8,71.2,4,0
L0506,53.8,0,59.7,61.6,3,0
L0507,98.3,0,77.9,75.2,2,1
L0508,68.5,3,54.7,71.4,5,1
L0509,53.6,2,46.5,56.6,2,0
L0510,69.0,2,48.4,46.6,2,1
L0511,38.6,2,58.0,67.0,4,1
L0512,57.5,1,57.6,80.4,5,1
L0513,63.5,1,49.6,55.7,3,0
L0514,60.7,1,68.1,68.5,4,1
L0515,73.9,2,58.9,38.1,1,0
L0516,67.2,0,45.1,67.8,3,0
L0517,72.0,3,76.9,51.8,1,1
L0518,51.7,2,47.0,94.4,4,1
L0519,75.5,1,61.6,38.3,2,0
L0520,86.4,1,73.0,83.6,2,1
L0521,47.4,0,64.8,38.7,4,1
L0522,48.7,3,52.0,76.7,4,1
L0523,82.0,3,55.7,73.8,3,1
L0524,59.1,3,64.0,71.0,4,1
L0525,83.1,1,64.9,74.4,4,0
L0526,55.4,0,78.1,40.2,3,0
L0527,83.8,0,71.1,69.1,2,0
L0528,64.0,0,33.4,31.4,4,0
L0529,65.9,0,65.5,48.4,4,0
L0530,85.5,0,95.3,54.3,4,1
L0531,56.6,3,75.0,80.7,3,1
L0532,47.9,0,73.3,55.2,2,0
L0533,55.3,0,43.2,38.2,4,1
L0534,68.8,2,73.8,56.7,3,1
L0535,38.5,1,37.5,92.1,3,0
L0536,71.6,2,67.1,51.8,3,1
L0537,53.9,2,39.4,70.1,2,0
L0538,79.2,3,60.8,93.2,4,1
L0539,26.1,2,31.2,97.8,2,1
L0540,50.2,1,63.4,84.6,2,1
L0541,36.7,2,54.8,94.6,3,0
L0542,49.6,1,55.6,67.8,5,0
L0543,65.7,1,44.9,95.0,4,1
L0544,59.3,1,53.9,52.3,2,1
L0545,58.2,0,48.1,89.0,4,1
L0546,59.6,2,68.2,51.7,4,1
L0547,65.1,0,74.9,91.2,2,1
L0548,46.9,0,63.5,73.2,1,0
L0549,72.6,0,55.9,48.0,3,1
L0550,71.9,2,31.7,32.0,4,1
L0551,67.8,1,41.1,49.4,5,1
L0552,70.3,2,80.8,85.0,2,1
L0553,66.4,2,56.7,59.2,5,0
L0554,92.5,0,66.9,40.5,1,1
L0555,60.7,2,78.1,80.8,3,1
L0556,57.4,1,71.7,92.1,3,1
L0557,50.7,0,53.2,50.8,4,0
L0558,46.5,2,47.1,81.4,4,0
L0559,43.3,3,47.2,32.9,4,1
L0560,48.7,1,54.5,62.9,2,1
L0561,60.9,1,77.7,64.7,4,1
L0562,67.0,1,66.9,61.5,4,1
L0563,62.8,1,68.2,25.4,2,0
L0564,50.5,2,66.8,83.1,1,0
L0565,75.5,1,52.5,73.7,4,1
L0566,73.1,2,74.3,78.0,3,1
L0567,59.6,0,54.2,61.7,2,1
L0568,52.2,2,23.5,68.9,3,1
L0569,70.2,2,38.1,59.3,3,1
L0570,64.8,2,48.4,86.3,3,1
L0571,40.3,0,53.5,59.8,2,0
L0572,61.0,1,59.9,90.8,5,1
L0573,65.9,1,63.5,74.0,4,1
L0574,48.5,0,75.1,57.4,3,0
L0575,64.8,0,45.4,67.8,3,1
L0576,40.2,1,46.8,61.0,3,0
L0577,82.0,2,73.8,65.1,2,1
L0578,80.7,0,60.6,55.2,3,0
L0579,58.2,2,57.4,58.7,2,1
L0580,67.5,1,42.9,76.4,3,1
L0581,25.9,2,56.1,68.1,2,0
L0582,44.7,1,41.4,72.0,2,1
L0583,57.6,1,81.1,82.2,5,1
L0584,45.9,1,49.9,52.3,3,1
L0585,72.7,3,77.3,66.6,3,1
L0586,92.0,1,74.9,62.0,1,1
L0587,44.4,1,49.0,28.2,3,0
L0588,49.4,1,45.2,53.2,4,0
L0589,65.5,2,62.5,66.8,3,1
L0590,86.2,0,76.2,90.3,1,1
L0591,43.7,1,39.6,48.8,3,0
L0592,65.7,1,59.7,30.1,3,1
L0593,89.3,3,66.8,68.5,4,1
L0594,37.2,1,73.1,96.0,3,1
L0595,42.8,1,47.5,81.5,1,0
L0596,55.6,3,74.1,56.3,2,1
L0597,54.2,1,52.5,58.0,2,0
L0598,74.2,0,68.9,56.2,4,1
L0599,65.6,0,45.2,76.3,1,1
L0600,35.4,0,39.1,84.9,3,0
L0601,69.7,0,65.9,75.6,4,1
L0602,53.3,1,73.4,97.7,3,1
L0603,81.1,2,72.3,63.8,4,1
L0604,52.6,2,70.5,85.5,2,1
L0605,52.5,0,61.5,67.9,2,0
L0606,70.1,1,83.1,57.4,4,1
L0607,73.4,0,64.7,59.0,3,1
L0608,68.7,3,91.5,31.9,3,1
L0609,36.7,0,39.4,39.9,2,0
L0610,70.1,2,54.3,79.8,3,1
L0611,46.5,1,36.0,87.9,2,1
L0612,65.5,2,89.0,55.9,4,1
L0613,40.6,1,57.2,50.4,5,1
L0614,68.7,2,58.8,70.5,4,1
L0615,49.9,0,67.4,27.2,3,0
L0616,42.8,3,56.8,36.4,1,0
L0617,72.7,1,88.6,65.3,2,1
L0618,65.6,2,42.5,61.2,4,1
L0619,52.8,2,50.9,82.4,2,0
L0620,83.8,3,65.5,75.0,3,1
L0621,55.4,0,31.8,69.0,4,1
L0622,62.5,1,72.1,74.7,4,0
L0623,66.0,0,58.1,75.0,3,1
L0624,52.7,0,62.9,75.3,3,1
L0625,69.1,1,91.3,60.6,3,1
L0626,54.0,3,50.5,51.6,3,0
L0627,55.8,3,50.7,40.6,3,0
L0628,82.4,1,71.8,80.9,3,1
L0629,46.4,2,62.4,56.7,3,1
L0630,25.8,2,32.4,64.1,5,1
L0631,86.2,3,64.8,74.7,3,1
L0632,100.0,0,92.7,76.0,4,1
L0633,55.9,1,60.3,83.5,2,1
L0634,32.9,2,18.6,63.2,4,0
L0635,57.3,1,41.8,60.1,2,1
L0636,57.7,1,74.8,73.7,3,0
L0637,59.2,3,62.4,52.1,4,1
L0638,45.3,3,40.8,81.9,3,1
L0639,70.7,3,61.8,66.8,5,1
L0640,69.9,2,63.6,57.1,4,1
L0641,39.6,0,55.6,58.1,4,0
L0642,72.5,1,48.6,84.2,4,1
L0643,92.8,1,65.9,50.0,5,1
L0644,64.6,1,63.8,26.4,2,1
L0645,56.9,1,55.1,66.7,4,0
L0646,59.9,2,64.8,70.7,2,1
L0647,71.2,1,49.4,74.1,3,0
L0648,36.0,2,49.1,46.8,4,0
L0649,64.5,1,73.6,38.3,4,0
L0650,56.1,1,61.7,58.2,2,1
L0651,89.7,0,76.0,24.2,3,1
L0652,59.4,0,56.5,45.2,3,0
L0653,87.0,2,62.8,87.6,3,1
L0654,45.4,1,49.1,80.7,4,1
L0655,70.8,0,79.1,86.4,5,1
L0656,66.8,2,60.3,79.7,3,1
L0657,49.0,1,41.3,45.6,2,1
L0658,64.7,0,54.7,85.9,2,1
L0659,80.2,1,71.5,67.5,3,1
L0660,57.1,0,51.9,53.9,2,0
L0661,36.6,2,51.0,81.2,4,1
L0662,61.7,0,65.2,69.5,4,1
L0663,48.5,0,62.3,60.2,3,1
L0664,56.9,0,73.4,70.3,5,0
L0665,60.8,1,70.4,83.6,2,1
L0666,36.4,0,33.8,85.0,3,1
L0667,37.8,2,34.9,90.5,4,0
L0668,69.2,0,62.2,86.1,4,1
L0669,54.2,1,49.4,75.2,4,0
L0670,23.5,1,24.3,75.6,3,0
L0671,73.8,1,60.3,67.7,4,1
L0672,66.1,0,55.7,62.3,3,0
L0673,51.3,2,45.1,61.6,4,0
L0674,42.2,3,44.4,76.0,4,1
L0675,74.5,0,80.1,61.8,4,1
L0676,67.2,0,64.4,65.1,2,0
L0677,97.7,3,100.0,52.6,2,1
L0678,68.3,1,64.6,78.3,4,0
L0679,67.8,0,58.8,86.9,1,0
L0680,59.5,0,57.8,34.9,4,0
L0681,74.3,2,68.9,84.6,4,1
L0682,71.4,2,69.5,95.6,3,1
L0683,80.8,1,94.3,72.6,3,1
L0684,54.2,3,44.7,42.7,2,0
L0685,55.5,1,65.8,82.8,3,1
L0686,54.8,1,57.6,47.3,3,0
L0687,73.9,1,46.8,73.6,2,1
L0688,84.5,1,80.7,58.1,2,1
L0689,55.1,0,70.5,90.7,3,0
L0690,55.6,0,45.3,53.4,3,0
L0691,66.7,1,61.6,55.3,5,1
L0692,58.3,2,36.4,49.0,3,0
L0693,76.3,0,51.8,69.5,3,0
L0694,28.2,1,53.1,66.8,3,0
L0695,49.6,2,46.7,60.0,3,0
L0696,50.3,1,39.3,71.9,2,0
L0697,27.2,2,42.7,81.8,2,0
L0698,47.5,2,44.9,55.5,2,1
L0699,48.3,2,45.9,67.8,3,1
L0700,59.0,0,66.3,76.3,4,1
L0701,78.7,1,54.3,79.6,1,1
L0702,58.3,1,46.2,96.0,3,1
L0703,46.5,0,52.4,91.3,2,1
L0704,61.1,0,70.3,72.8,3,0
L0705,77.7,0,82.6,38.4,4,0
L0706,47.4,1,43.1,82.7,3,1
L0707,48.3,1,62.8,80.2,3,1
L0708,70.4,0,54.3,45.0,4,0
L0709,58.7,2,79.2,85.9,4,1
L0710,71.7,3,50.8,55.8,2,0
L0711,61.8,0,74.9,69.2,3,1
L0712,72.5,3,57.0,60.3,2,1
L0713,46.5,0,74.7,60.7,3,1
L0714,61.8,3,66.1,58.3,4,1
L0715,58.8,3,45.2,67.6,2,1
L0716,43.8,0,42.8,79.4,3,0
L0717,38.5,2,55.6,87.1,3,0
L0718,72.3,3,77.4,80.8,4,1
L0719,56.7,3,55.4,66.3,4,1
L0720,46.7,3,51.2,43.1,4,0
L0721,60.6,1,67.4,64.1,3,0
L0722,78.9,0,70.0,39.7,4,1
L0723,27.8,2,24.8,73.4,2,1
L0724,39.6,1,37.0,43.6,2,1
L0725,48.2,1,54.3,66.0,1,0
L0726,83.9,1,85.7,53.3,3,1
L0727,66.2,1,80.8,80.5,2,1
L0728,73.5,0,74.8,90.6,3,1
L0729,44.9,2,53.1,70.7,1,1
L0730,45.2,0,58.8,54.4,3,0
L0731,68.7,2,54.8,86.5,4,1
L0732,62.9,2,57.7,73.7,2,1
L0733,70.2,1,53.7,53.1,3,1
L0734,59.2,1,42.6,64.9,3,0
L0735,66.2,1,65.4,56.7,3,1
L0736,64.4,3,62.6,75.8,4,0
L0737,73.7,2,73.8,59.4,4,1
L0738,74.1,1,72.3,46.3,3,0
L0739,37.7,0,48.6,73.0,2,1
L0740,28.3,0,47.2,90.1,3,0
L0741,77.0,1,66.9,81.5,4,1
L0742,79.8,3,73.9,68.3,2,1
L0743,46.7,2,42.0,77.0,3,0
L0744,34.1,0,48.2,81.4,3,0
L0745,63.5,2,67.9,61.0,3,1
L0746,76.0,1,58.7,64.4,2,0
L0747,89.0,2,74.6,76.7,1,1
L0748,69.7,0,55.9,86.5,4,1
L0749,56.4,1,49.7,93.6,4,1
L0750,48.6,3,38.2,35.9,1,0
L0751,62.2,0,74.4,53.0,3,0
L0752,57.5,2,69.4,53.7,4,1
L0753,46.8,3,57.2,84.4,4,0
L0754,92.7,0,99.7,82.7,3,1
L0755,88.8,0,71.6,68.1,2,1
L0756,79.0,2,100.0,77.9,3,1
L0757,48.2,1,48.8,75.9,3,1
L0758,74.8,0,69.2,81.7,3,0
L0759,71.6,1,59.6,80.6,3,1
L0760,68.6,2,67.2,88.7,2,1
L0761,80.7,1,79.4,81.6,3,1
L0762,71.5,1,63.0,79.2,4,1
L0763,73.1,2,86.5,74.8,3,1
L0764,71.6,1,67.2,68.0,3,0
L0765,67.1,2,65.2,72.6,5,1
L0766,35.2,1,33.5,77.0,3,0
L0767,63.3,3,64.8,87.2,4,1
L0768,53.7,2,52.9,79.1,2,1
L0769,42.8,0,41.2,51.7,4,0
L0770,87.2,3,63.7,37.6,4,1
L0771,87.9,1,100.0,65.7,3,0
L0772,82.4,0,67.2,85.7,5,1
L0773,65.8,0,43.7,85.7,4,1
L0774,82.3,2,61.9,65.5,2,1
L0775,62.2,0,58.6,54.4,3,1
L0776,65.0,1,67.3,55.2,4,1
L0777,45.6,0,56.7,85.9,4,1
L0778,68.0,1,70.5,67.9,2,0
L0779,62.9,1,51.9,78.5,3,1
L0780,42.5,1,52.4,71.4,3,0
L0781,61.2,0,48.2,48.9,3,0
L0782,60.8,0,51.0,77.1,5,1
L0783,89.0,1,62.9,64.1,3,0
L0784,75.4,1,52.2,19.5,3,1
L0785,62.2,2,72.0,53.2,4,1
L0786,65.7,0,69.4,53.9,3,0
L0787,62.7,0,71.2,81.8,4,0
L0788,59.0,0,57.9,48.7,2,0
L0789,45.8,1,59.5,85.4,3,1
L0790,59.7,1,36.7,49.3,4,0
L0791,50.8,2,63.3,65.4,5,0
L0792,43.2,1,50.9,86.1,2,1
L0793,69.7,1,70.8,75.6,2,0
L0794,67.9,1,66.9,72.4,4,1
L0795,35.2,0,32.5,71.4,3,0
L0796,60.2,1,40.1,62.4,3,1
L0797,76.9,1,58.8,73.6,4,1
L0798,77.9,1,74.6,68.4,3,1
L0799,77.4,0,75.8,32.7,1,1
L0800,62.6,2,43.0,60.2,2,1
L0801,49.3,3,40.4,75.1,3,0
L0802,45.7,0,41.5,70.9,1,1
L0803,67.2,1,57.7,75.1,3,0
L0804,67.7,2,45.9,55.7,2,1
L0805,81.3,1,52.7,56.1,5,1
L0806,78.5,2,58.3,68.2,5,0
L0807,60.0,2,59.0,71.7,2,1
L0808,43.3,3,34.7,79.7,3,1
L0809,57.2,3,55.1,72.3,2,1
L0810,65.3,0,73.6,83.4,3,1
L0811,59.0,1,41.8,46.2,5,1
L0812,53.3,1,51.9,50.6,3,1
L0813,65.8,0,73.5,67.5,3,1
L0814,54.4,1,49.9,57.5,2,0
L0815,52.6,3,47.0,80.5,4,1
L0816,66.7,0,75.6,45.0,1,1
L0817,56.0,1,52.1,65.5,3,0
L0818,65.7,2,74.4,81.2,3,1
L0819,66.1,1,66.5,85.6,3,1
L0820,44.9,1,45.6,85.0,4,0
L0821,54.8,3,60.9,50.0,4,0
L0822,83.6,1,74.8,62.8,2,1
L0823,44.6,0,61.8,54.5,5,0
L0824,30.3,0,35.1,60.6,2,0
L0825,34.1,3,44.2,72.6,4,0
L0826,62.4,0,58.6,85.8,3,0
L0827,62.5,1,67.8,82.8,3,0
L0828,60.2,0,45.8,87.9,3,0
L0829,80.2,1,81.3,82.0,3,1
L0830,21.9,3,42.6,69.0,3,0
L0831,67.9,1,46.6,77.6,2,0
L0832,85.4,3,86.5,59.0,3,1
L0833,45.1,0,76.6,94.1,2,1
L0834,56.3,1,68.0,71.7,2,0
L0835,50.7,2,70.0,83.3,2,1
L0836,48.6,1,52.7,88.7,2,0
L0837,57.1,0,36.5,84.7,3,0
L0838,83.4,2,48.7,47.5,3,1
L0839,89.6,1,77.3,63.1,3,1
L0840,57.0,1,49.2,68.8,5,0
L0841,90.6,3,63.8,40.9,1,1
L0842,62.5,0,58.6,58.4,4,1
L0843,88.3,1,81.0,80.4,3,1
L0844,60.6,0,40.9,77.3,4,1
L0845,64.0,1,54.8,35.0,4,0
L0846,67.5,0,80.2,62.6,3,0
L0847,100.0,2,67.1,84.3,3,1
L0848,74.8,0,76.6,42.6,2,1
L0849,51.4,2,47.4,65.3,4,0
L0850,76.5,0,73.6,82.3,1,1
L0851,56.6,1,69.3,67.0,4,1
L0852,54.7,1,64.0,67.3,3,1
L0853,75.6,2,77.5,79.9,3,1
L0854,62.5,1,45.5,90.5,3,1
L0855,66.2,1,74.8,74.0,3,0
L0856,62.2,2,49.0,51.9,4,1
L0857,67.0,1,65.0,56.0,5,0
L0858,68.4,0,65.7,47.4,4,0
L0859,32.9,3,48.9,56.0,3,1
L0860,72.0,1,68.6,87.3,4,1
L0861,47.3,0,40.9,79.1,4,1
L0862,40.4,1,31.0,49.0,2,0
L0863,61.1,0,69.1,84.5,2,1
L0864,63.3,0,62.0,82.4,3,1
L0865,51.6,2,67.2,51.9,4,0
L0866,74.5,0,65.4,58.6,2,0
L0867,41.9,2,31.2,53.6,2,1
L0868,55.9,3,67.3,97.2,4,1
L0869,53.2,1,49.8,61.1,3,1
L0870,61.3,2,62.8,64.8,4,0
L0871,66.2,2,53.6,67.0,2,0
L0872,46.9,3,70.5,77.1,5,1
L0873,72.9,1,54.6,38.8,2,0
L0874,62.9,0,55.6,56.1,1,1
L0875,33.6,1,44.8,78.3,3,0
L0876,32.6,1,29.8,61.5,2,0
L0877,61.8,0,63.0,55.1,3,1
L0878,58.7,1,76.6,80.4,3,0
L0879,60.4,0,52.4,90.4,3,1
L0880,61.6,3,63.6,80.1,2,1
L0881,65.4,0,28.0,63.6,3,0
L0882,76.2,0,66.5,75.5,3,0
L0883,45.3,0,46.2,85.6,4,1
L0884,44.4,0,39.6,45.5,3,0
L0885,45.6,0,63.1,64.4,2,0
L0886,66.3,0,57.6,68.7,2,1
L0887,80.7,0,67.2,77.1,3,1
L0888,55.5,0,51.0,91.2,2,1
L0889,24.5,1,15.5,60.1,2,0
L0890,36.4,1,31.5,83.1,4,1
L0891,49.5,1,63.8,67.9,2,0
L0892,53.6,1,29.2,72.9,4,1
L0893,55.9,0,46.5,73.4,3,1
L0894,62.6,0,54.6,47.1,3,1
L0895,57.3,0,77.5,60.2,2,1
L0896,77.7,2,77.0,43.4,4,1
L0897,51.9,3,46.8,76.0,3,1
L0898,49.1,3,67.6,82.1,2,1
L0899,69.2,1,54.2,64.0,3,1
L0900,39.0,1,58.5,61.9,2,0
L0901,67.8,1,46.0,83.5,2,0
L0902,63.5,2,72.8,73.7,2,1
L0903,59.8,2,53.0,82.2,3,1
L0904,85.8,2,59.9,66.2,3,1
L0905,52.7,3,51.4,82.3,4,1
L0906,92.9,1,79.4,75.6,2,1
L0907,58.6,2,51.3,61.6,4,1
L0908,42.8,2,55.2,54.9,3,1
L0909,63.0,1,52.7,71.2,2,0
L0910,45.9,3,57.7,64.7,3,0
L0911,50.7,0,58.2,60.3,3,1
L0912,68.0,3,61.6,86.7,3,1
L0913,70.3,2,58.4,78.8,3,0
L0914,52.7,0,55.8,81.3,3,1
L0915,76.8,2,73.8,24.5,3,1
L0916,79.4,0,93.4,80.5,3,1
L0917,83.5,2,82.2,64.8,2,0
L0918,69.9,2,75.2,77.6,3,1
L0919,82.5,1,100.0,35.2,2,1
L0920,33.8,2,49.8,56.2,2,0
L0921,57.2,0,62.3,67.9,3,1
L0922,49.0,0,60.4,68.6,4,0
L0923,63.8,1,48.0,66.1,3,1
L0924,53.4,0,49.1,84.6,3,0
L0925,59.5,1,51.7,60.3,3,0
L0926,90.2,0,82.4,68.6,4,1
L0927,59.5,1,55.6,50.5,1,1
L0928,68.2,1,64.2,75.4,4,1
L0929,58.5,2,70.2,79.1,1,1
L0930,63.1,0,70.1,74.8,2,1
L0931,62.1,3,57.2,74.8,3,0
L0932,68.7,1,54.8,80.3,5,1
L0933,79.5,1,82.3,71.4,5,1
L0934,86.7,1,82.0,84.2,4,1
L0935,66.6,1,42.4,56.8,3,1
L0936,70.8,0,60.2,44.1,1,1
L0937,44.7,1,51.6,65.4,3,0
L0938,60.7,0,67.7,91.2,3,1
L0939,76.1,1,77.8,43.0,2,1
L0940,75.0,1,69.7,94.1,3,1
L0941,65.2,1,67.9,53.9,3,1
L0942,75.3,2,67.2,66.6,4,0
L0943,69.4,0,55.1,61.9,1,1
L0944,80.0,3,65.9,81.0,3,1
L0945,66.3,2,61.7,78.8,2,1
L0946,56.7,3,55.7,63.6,3,1
L0947,67.0,2,39.2,86.5,3,0
L0948,18.0,0,30.2,91.4,2,0
L0949,67.7,1,62.9,79.2,3,1
L0950,7.3,0,25.6,66.4,3,0
L0951,36.1,2,41.9,72.4,3,0
L0952,68.8,1,68.7,61.0,3,0
L0953,69.2,0,50.1,54.1,3,1
L0954,44.6,3,30.0,44.8,2,0
L0955,51.3,0,49.0,62.0,3,0
L0956,82.6,1,79.6,57.1,3,1
L0957,54.7,2,75.4,82.1,3,1
L0958,95.6,0,87.0,82.5,5,1
L0959,62.0,1,41.5,63.6,3,1
L0960,68.1,2,59.7,54.6,3,0
L0961,86.3,0,75.5,59.7,3,1
L0962,64.0,1,62.3,97.5,2,1
L0963,47.0,0,57.3,51.3,3,0
L0964,60.4,2,47.2,82.9,3,1
L0965,61.5,0,59.6,61.6,2,1
L0966,41.5,3,52.9,85.8,3,1
L0967,58.2,3,66.9,40.0,3,1
L0968,50.9,0,43.3,62.5,3,1
L0969,75.9,1,62.6,80.2,3,0
L0970,62.5,1,26.9,53.5,5,1
L0971,57.8,2,49.3,67.2,3,1
L0972,60.4,1,51.9,40.5,1,0
L0973,65.3,0,48.7,38.6,2,0
L0974,71.3,0,66.2,76.3,4,0
L0975,47.0,3,50.2,76.7,4,0
L0976,46.4,1,23.4,72.8,2,0
L0977,78.6,2,70.8,74.5,4,0
L0978,55.8,1,44.6,84.6,4,1
L0979,40.7,3,53.2,74.6,3,1
L0980,68.7,0,47.4,73.2,3,1
L0981,69.0,0,63.3,48.9,3,1
L0982,39.0,3,43.1,70.2,4,0
L0983,65.4,3,64.6,40.1,3,0
L0984,73.0,1,66.7,51.3,2,1
L0985,67.6,1,59.1,47.5,3,1
L0986,71.5,1,45.9,35.8,5,0
L0987,40.9,1,29.8,68.4,3,0
L0988,67.0,0,54.8,73.3,4,1
L0989,57.5,3,56.5,36.2,4,1
L0990,54.8,0,47.8,58.0,3,0
L0991,75.1,2,73.8,65.6,3,1
L0992,84.2,0,68.0,46.8,4,1
L0993,88.9,0,62.3,81.8,4,0
L0994,81.7,2,66.6,88.2,3,1
L0995,60.4,1,60.9,62.8,2,0
L0996,67.3,2,65.9,68.4,3,1
L0997,73.5,0,88.0,66.9,3,1
L0998,63.8,3,52.1,53.2,3,1
L0999,64.0,2,59.3,51.2,5,1
L1000,74.4,2,71.0,26.8,2,0
L1001,61.1,0,58.3,84.3,4,0
L1002,51.1,1,47.1,73.1,2,0
L1003,55.8,1,37.1,93.6,3,1
L1004,71.5,1,58.2,56.4,5,0
L1005,62.0,1,46.2,53.0,2,0
L1006,67.1,0,41.2,73.2,2,0
L1007,72.1,1,55.1,45.7,3,1
L1008,56.4,0,43.4,83.8,2,0
L1009,73.3,1,72.3,72.2,4,1
L1010,67.7,0,69.4,49.7,3,0
L1011,43.5,0,38.1,50.6,4,0
L1012,83.6,2,67.9,57.3,2,1
L1013,54.5,1,32.7,57.7,1,0
L1014,37.2,1,39.5,37.7,3,0
L1015,46.3,1,55.3,96.9,2,1
L1016,46.7,2,60.6,47.8,4,1
L1017,62.8,1,51.0,69.5,2,0
L1018,57.9,1,69.5,56.9,2,1
L1019,56.9,3,38.1,39.2,3,0
L1020,71.3,1,49.2,28.5,3,0
L1021,67.1,3,70.4,86.8,2,1
L1022,66.7,2,81.8,63.6,5,1
L1023,68.1,0,68.4,49.6,2,0
L1024,71.2,1,63.7,75.1,3,0
L1025,30.4,2,15.4,84.8,3,0
L1026,56.5,3,31.8,50.2,4,1
L1027,29.3,1,42.7,61.1,4,1
L1028,62.5,0,55.1,78.4,2,1
L1029,61.9,1,45.8,72.4,3,0
L1030,77.7,0,68.5,71.3,3,1
L1031,79.8,2,70.3,86.8,4,1
L1032,65.0,1,72.1,34.3,2,0
L1033,54.5,2,56.6,45.6,5,1
L1034,69.3,2,77.8,16.9,2,1
L1035,54.1,2,54.8,92.2,3,1
L1036,62.0,1,57.7,83.0,2,1
L1037,76.8,2,80.0,64.3,2,1
L1038,53.6,2,42.8,65.9,2,1
L1039,74.1,2,99.5,76.7,2,1
L1040,72.2,0,69.2,89.8,3,1
L1041,47.7,1,55.8,71.0,2,1
L1042,76.6,0,73.4,61.5,4,1
L1043,72.5,2,87.4,59.9,2,1
L1044,63.5,2,69.5,74.2,2,1
L1045,50.6,1,33.6,49.2,3,1
L1046,49.1,0,68.9,44.2,4,0
L1047,53.9,1,50.6,75.5,3,1
L1048,70.1,2,64.9,75.3,3,1
L1049,47.7,0,35.9,34.0,2,0
L1050,68.6,0,69.0,79.8,2,1
L1051,43.4,3,41.0,54.4,2,0
L1052,58.9,2,58.6,70.7,4,1
L1053,63.6,0,56.6,40.7,4,1
L1054,98.7,1,100.0,34.6,2,1
L1055,41.3,3,71.5,67.0,3,1
L1056,84.1,2,71.8,43.7,2,0
L1057,64.2,1,61.1,32.5,2,0
L1058,68.2,1,58.0,55.9,4,0
L1059,63.8,1,73.3,71.8,3,1
L1060,68.7,0,58.8,31.9,5,1
L1061,59.7,2,52.8,89.7,4,1
L1062,83.8,0,82.8,82.7,4,1
L1063,55.2,0,48.9,45.7,4,1
L1064,79.0,2,68.0,72.6,3,1
L1065,52.3,3,34.8,56.1,4,0
L1066,61.1,2,67.1,59.4,3,0
L1067,45.9,1,73.5,52.2,5,0
L1068,68.8,1,71.5,61.8,3,0
L1069,83.7,1,88.6,80.9,3,1
L1070,60.8,1,48.3,71.3,3,1
L1071,59.0,1,60.3,49.3,5,0
L1072,45.3,1,38.6,62.5,2,0
L1073,58.6,1,54.5,93.4,5,1
L1074,38.1,3,55.2,38.1,3,0
L1075,48.3,3,52.8,73.7,2,1
L1076,65.4,0,44.0,45.4,2,1
L1077,81.8,1,54.2,75.2,2,1
L1078,100.0,0,63.4,49.4,4,1
L1079,53.2,1,60.2,53.8,2,1
L1080,83.5,1,95.7,53.4,3,1
L1081,65.7,0,77.5,37.0,4,0
L1082,59.7,2,35.1,95.3,2,1
L1083,68.5,1,79.7,61.9,3,1
L1084,62.9,3,70.8,96.2,2,1
L1085,63.7,0,41.5,73.3,3,0
L1086,55.9,0,52.1,60.4,5,1
L1087,41.0,1,60.7,71.1,4,1
L1088,38.8,0,53.0,47.2,3,0
L1089,71.8,0,48.8,58.2,3,1
L1090,57.8,3,64.1,93.3,3,1
L1091,53.1,0,28.5,75.3,3,0
L1092,62.1,0,56.5,70.0,3,0
L1093,73.9,1,79.3,45.2,4,0
L1094,64.7,1,60.8,76.6,2,0
L1095,52.2,1,47.7,77.2,2,1
L1096,80.4,1,79.9,52.3,3,1
L1097,85.7,2,83.8,83.8,2,1
L1098,69.4,0,78.9,71.5,4,0
L1099,76.6,1,77.6,75.7,3,0
L1100,80.6,2,82.3,80.9,1,1
L1101,79.0,2,77.2,80.0,3,1
L1102,71.2,1,67.4,75.9,2,0
L1103,71.0,1,65.1,92.5,4,1
L1104,69.8,0,60.5,88.7,3,1
L1105,45.5,0,35.5,70.7,5,1
L1106,72.5,0,53.4,63.6,4,0
L1107,41.7,2,44.5,85.6,2,1
L1108,50.1,1,55.4,51.9,1,0
L1109,81.6,2,87.1,75.6,2,1
L1110,74.6,0,65.5,68.8,2,1
L1111,84.3,2,83.4,75.3,5,1
L1112,57.9,2,69.8,80.9,3,0
L1113,44.7,0,46.8,30.6,4,0
L1114,58.4,0,64.3,38.7,3,0
L1115,63.5,0,57.0,69.3,3,0
L1116,63.2,2,75.6,50.0,3,1
L1117,79.0,0,76.1,90.7,4,1
L1118,56.6,1,41.8,83.1,3,1
L1119,67.3,1,63.9,32.0,2,0
L1120,47.2,2,70.7,72.9,5,0
L1121,68.8,1,60.6,34.6,3,0
L1122,62.0,1,64.5,94.0,3,1
L1123,50.8,3,59.5,53.5,1,0
L1124,58.5,0,44.7,80.6,4,0
L1125,59.2,2,63.7,90.9,3,0
L1126,57.9,0,40.1,70.7,3,0
L1127,88.6,1,66.2,84.9,3,1
L1128,60.5,3,71.2,96.0,3,0
L1129,58.3,2,61.4,88.1,3,0
L1130,30.5,2,38.1,86.7,4,0
L1131,48.6,0,57.1,82.5,4,0
L1132,58.1,1,56.2,62.7,3,1
L1133,51.7,1,53.6,86.3,4,1
L1134,82.7,1,78.4,88.0,3,1
L1135,59.5,1,49.0,82.2,3,0
L1136,81.3,1,70.2,65.2,3,1
L1137,62.9,1,55.9,68.2,2,0
L1138,62.6,0,40.4,79.5,3,0
L1139,60.7,1,47.3,55.1,2,1
L1140,62.1,0,77.9,48.7,2,0
L1141,87.8,2,77.9,88.0,1,1
L1142,27.2,1,24.1,82.1,3,0
L1143,32.0,0,24.1,22.6,5,1
L1144,53.9,2,53.3,88.8,3,1
L1145,62.2,2,78.0,66.2,4,1
L1146,72.4,0,62.6,83.4,5,0
L1147,69.1,0,78.7,62.5,3,1
L1148,56.2,0,60.2,75.0,2,0
L1149,77.3,0,73.2,75.3,3,1
L1150,77.5,2,51.6,66.4,3,1
L1151,64.8,3,71.9,76.7,3,0
L1152,76.4,0,63.0,48.0,3,0
L1153,66.1,2,71.7,54.5,4,1
L1154,53.6,0,44.7,72.0,4,1
L1155,72.5,1,67.0,59.0,2,0
L1156,63.7,2,64.2,73.7,2,0
L1157,62.0,1,57.3,91.5,3,1
L1158,84.1,0,76.1,41.2,4,1
L1159,25.2,1,35.7,83.9,4,0
L1160,40.7,3,39.6,69.6,5,1
L1161,44.2,0,68.6,74.1,3,1
L1162,56.6,0,68.7,88.9,3,1
L1163,58.2,0,47.9,70.6,4,0
L1164,39.4,1,53.5,85.1,2,0
L1165,47.2,1,42.1,87.8,3,1
L1166,49.1,2,37.8,65.9,3,0
L1167,98.9,2,91.8,71.7,1,1
L1168,89.0,3,53.5,46.9,3,1
L1169,55.8,2,66.8,47.9,3,1
L1170,56.5,0,53.1,56.3,4,0
L1171,44.8,1,47.1,76.8,3,1
L1172,33.4,1,48.3,42.9,2,0
L1173,60.2,1,65.1,78.5,3,0
L1174,47.0,3,41.0,88.6,1,0
L1175,60.7,2,67.0,64.1,2,0
L1176,38.0,3,47.3,53.1,4,0
L1177,50.6,1,37.7,76.4,3,0
L1178,64.2,1,58.3,71.3,4,0
L1179,67.5,1,78.7,78.8,1,0
L1180,68.3,0,82.7,85.0,3,1
L1181,42.2,0,56.8,85.2,3,1
L1182,74.8,1,51.9,63.0,4,1
L1183,50.0,0,58.4,52.3,4,1
L1184,71.5,3,74.5,61.9,4,1
L1185,61.8,0,67.7,45.9,4,1
L1186,41.4,0,57.2,83.3,3,1
L1187,57.3,2,60.9,43.9,4,0
L1188,67.5,0,61.2,78.0,2,0
L1189,71.2,3,56.9,73.7,2,1
L1190,59.9,2,35.2,55.0,4,0
L1191,85.0,0,75.8,94.9,2,1
L1192,77.1,2,69.6,82.3,4,1
L1193,58.2,2,63.7,74.2,3,0
L1194,73.3,2,49.2,77.2,4,1
L1195,91.0,2,82.8,65.0,3,1
L1196,91.4,2,99.9,68.9,3,1
L1197,43.6,1,49.9,33.7,4,0
L1198,48.1,1,50.7,80.5,3,0
L1199,84.3,2,75.1,48.5,2,1
L1200,46.1,3,74.8,88.6,4,1
